chinese,korean,english
經驗,경험,Experience
經歷,경험,experience
計畫,계획,plan
計劃,계획,plan
規劃,계획,Plan
規畫,계획,plan
架構,구조,structure
結構,구조,Structure
國內,국내,Domestic
境內,국내,domestic
人民,국민,people
國人,국민,citizen
國民,국민,citizen
境外,국외,abroad
國外,국외,Overseas
兵,군인,soldier
軍人,군인,soldiers
機會,기회,opportunity
機遇,기회,opportunity
農業,농업,agriculture
農,농업,agriculture
團體,단체,group
集體,단체,collective
台海,대만해협,Taiwan Strait
台灣海峽,대만해협,Taiwan Strait
群眾,대중,crowd
大眾,대중,the general public
俄羅斯,러시아,Russia
俄國,러시아,Russia
俄烏戰爭,러시아-우크라이나 전쟁,Russo-Ukrainian War
烏俄戰爭,러시아-우크라이나 전쟁,Russo-Ukrainian War
主管,매니저,head of a department
經理,매니저,Manager
經理人,매니저,manager
飛彈,미사일,Missile
導彈,미사일,Missiles (disambiguation)
民族,민족,Ethnic groups
族群,민족,ethnic group
部署,배치,Deployment
布局,배치,layout
實質,본질,substance
本質,본질,essence
氛圍,분위기,atmosphere
氣氛,분위기,atmosphere
爭議,분쟁,controversy
爭端,분쟁,Disputes
沙烏地,사우디아라비아,Saudi Arabia
沙國,사우디아라비아,Saudi Arabia
產業,산업,Industries
工業,산업,Industry
島,섬,Island
島嶼,섬,Island
成果,성과,Outcome
成就,성과,Achievements
市場,시장,market
市長,시장,Mayor
雙方,쌍방,both sides
雙邊,쌍방,bilateral
能源,에너지,Energy sources
能量,에너지,energy
首長,우두머리,chief
龍頭,우두머리,the head of a group
企圖,의도,intention
意圖,의도,Intention
意識,의식,Consciousness
典禮,의식,ceremony
儀式,의식,ceremony
董事,이사,director
理事,이사,director
材料,재료,Material
物料,재료,material
戰略,전략,Military strategy
策略,전략,strategy
方略,전략,strategy
戰力,전력,military strength
全力,전력,with all one's might
電力,전력,Electricity
戰爭,전쟁,War
戰事,전쟁,fighting
整體,전체,whole
全體,전체,all
情報,정보,information
信息,정보,Information
定義,정의,Definitions
正義,정의,Justice
證實,증명하다,prove
證明,증명하다,attest
趨勢,추세,Trend
走勢,추세,trend
朋友,친구,Friend
友人,친구,friend
學者,학자,Scholar
學家,학자,scholar
核武,핵무기,Nuclear weapons
核武器,핵무기,Nuclear weapons
力量,힘,strength
力道,힘,force
力度,힘,strength
九二共識,92공식,The 1992 Consensus
金磚,BRICS,BRICS
20國集團,G20,Group of 20
台積電,TSMC,TSMC Corporation
價格,가격,Price
可能性,가능성,possibility
護欄,가드레일,guardrail
高端,가오두안백신,MVC COVID-19 Vaccine
高雄市,가오슝시,Kaohsiung City
邊緣,가장자리,edge
家庭,가정,Family
家人,가족,Family
假訊息,가짜 정보,false information
價值,가치,value
幹部,간부,cadres
強權,강권,powerful power
強國,강대국,a powerful nation
強力,강력하다,strong
個人,개인,individual
客觀,객관적,objective
交易,거래,trade
客戶,거래처,Clients
距離,거리,distance
建築,건축물,Architecture
表面,겉모습,surface
遊戲,게임,game
決心,결심,determination
決議,결의,Resolution
決策,결책,Decision-making
邊界,경계선,border
警戒,경계하다,alert
警告,경고,warn
景氣,경기,prosperity
資深,경력이 풍부한,senior
經濟,경제,Economy
經濟區,경제 구역,Economic zone
經貿,경제 무역,Economic and trade relations
經濟體,경제체,economic entity
警方,경찰 측,Police officers
契機,계기,opportunity
故宮,고궁,The National Palace Museum
考量,고려,consideration
高點,고점,high point
高層,고층,high position
困境,곤경,difficult situation
空間,공간,Space
公告,공고,public announcement
工具,공구,Tools
空軍,공군,Air Force
共同利益,공동이익,common interest
公民,공민,citizen
共軍,공산군,Communist army
共產黨,공산당,Communist Party
共機,공산당 비행기,Chinese Communist Aircraft
空域,공역,airspace
工廠,공장,Factory
設廠,공장 설립,building a plant
工程,공정,progress/process
公眾,공중,the public
共識,공통의 인식,Consensus
公平,공평,Fairness
機場,공항,Airports
貢獻,공헌,contribute
科學,과학,Science
科技,과학 기술,Science and technology
關鍵,관건,key
觀光,관광하다,sightseeing
慣例,관례,conventional practice
關稅,관세,Customs duties
關心,관심,interest
關切,관심주다,concern
官媒,관영 매체,state-run media
官員,관원,Official
官,관청,official
廣東,광둥,Guangdong
交流,교류,Communication
交通,교통,traffic
交通部,교통부,Ministry of Transportation and Communications
建構,구성,construct
成員,구성원,Members
口號,구호,slogan
國家,국가,Country
國安,국가안보,national security
國安會,국가안전회의,National Security Council
邊境,국경,Borders
國慶,국경일,National Day
邦交,국교,diplomatic relations
國軍,국군,Armed Forces
國力,국력,national strength
局面,국면,situation
國務,국무,state affairs
國務院,국무원,State Council
國民黨,국민당,Kuomintang
國防部,국방부,Ministry of Defence
局長,국장,Director-General
國際,국제,International
國際組織,국제 기구,International organizations
國際社會,국제 사회,International community
國際法,국제법,International law
國會,국회,National Assembly
軍,군,military
軍售,군납 판매,arms sales
軍隊,군대,Military
軍方,군부대,Military
軍備,군비,Armaments
軍事,군사,Military
軍委,군사 위원회,Military Commission
軍演,군사 훈련,military exercises
軍力,군사력,military strength
軍機,군용기,military aircraft
艦艇,군용선박,naval vessels
軍艦,군함,warship
權力,권력,Power
權利,권리,Rights
權法,권법,law of power
權益,권익,Rights and interests
軌道,궤도,Railways
規格,규격,standard
規範,규범,code
規定,규정,Regulations
極端,극히,extreme
韌性,근성,toughness
全球,글로벌,global
禁令,금령,Prohibition
金融,금융,finance
機械,기계,Mechanic
機關,기관,institute
紀念,기념,commemorate
紀錄,기록,record
油價,기름값,Oil price
技術,기술,Technology
岸田文雄,기시다 후미오,Fumio Kishida
企業,기업,Business enterprises
企業家,기업가,entrepreneurs
基地,기지,Base
基礎,기초,foundation
深度,깊이,depth
終端,끝자락,Terminal
南京,난징,Nanjing
藍綠,남색녹색,blue-green
藍營,남색캠프,Blue camp
南海,남해,South China Sea
內閣,내각,Cabinet of Ministers
內政,내무,Internal affairs
汪洋,넓은 바다,vast ocean
荷蘭,네덜란드,Netherlands
網絡,네트워크,Network
網友,네티즌,Internet users
路線,노선,route
綠色,녹색,Green
綠營,녹영,Green camp
邏輯,논리,logic
論文,논문,Thesis paper
農產品,농산물,Agricultural products
農委會,농업위원회,Ministry of Agriculture
高階,높은 계급,higher position
高官,높은 관직,a high-ranking official
紐約,뉴욕,New York City
紐西蘭,뉴질랜드,New Zealand
能力,능력,Ability
效率,능률,efficiency
伯恩斯,니컬러스 번스,Nicholas Burns
階段,단계,stage
答案,답안,Answer
黨,당,Party
黨部,당 본부,party headquarters
黨內,당내,within the party
黨外,당외,outside the party
黨員,당원,Party members
黨籍,당적,Party membership
遭遇,당하다,encounter
黨章,당헌,Party Constitution
台美,대-미,Taiwan-US
代價,대가,cost
大國,대국,great nation
大陸,대륙,Continent
大陸國家,대륙국가,Continental states
陸委會,대륙위원회,Mainland Affairs Council
台灣,대만,Taiwan
台軍,대만 군대,Taiwanese military
台幣,대만 달러,New Taiwan dollar
台商,대만 상인,Taiwanese businessman
友台,대만 우호,Pro-Taiwan
台股,대만 주식,Taiwan Stock
台大,대만대학교,National Taiwan University
保台,대만을 보호하다,protect Taiwan
對台,대만을 향한,facing Taiwan
犯台,대만침범,Taiwan invasion
大使,대사,Ambassador
待遇,대우,Treatment
大戰,대전,Great war
貸款,대출,Loans
總統,대통령,President
代表,대표자,Representative
大廠,대형 공장,a large factory
對話,대화,Dialogue
大會,대회,General Assembly
鄧小平,덩샤오핑,Deng Xiao-ping
道德,도덕,Morality
道路,도로,Roads
城市,도시,City
封城,도시봉쇄,city lockdown
戰書,도전장,written challenge to war
東京,도쿄,Tokyo
德國,독일,Germany
錢,돈,money
東南亞,동남아시아,Southeast Asia
動力,동력,power
盟友,동맹,ally
盟國,동맹국,Allies
結盟,동맹을 맺다,form an alliance with
東方,동방,East
東亞,동아시아,East Asia
動員,동원하다,mobilize
動作,동작,gesture
同志,동지,comrade
同胞,동포,compatriots
東風,동풍,east wind
東海,동해,East China Sea
無人機,드론,drone
登場,등장,appear
數位,디지털,digital
土地,땅,land
賴清德,라이칭더,Lai Ching-te
俄方,러시아측,Russian side
俄烏,러우,Russian-Ukrainian
角力,레슬링,wrestling
雷達,레이더,Radar
雷根,로널드 레이건,Ronald Reagan
火箭,로켓,Rockets
盧秀燕,루슈옌,Lu Shiow-yen
劉德音,류더인,Mark Liu
領袖,리더,leader
領導,리더쉽,Leadership
李登輝,리덩후이,Lee Teng-hui 
李顯龍,리셴룽,Lee Hsien Loong
李克強,리커창,Li Keqiang
立陶宛,리투아니아,Republic of Lithuania
林佳龍,린자롱,Lin Chia-lung
林智堅,린즈젠,Lin Chih-chien
馬曉光,마샤오광,Ma Xiaoguang
口罩,마스크,Mask
毛澤東,마오쩌둥,Mao Zedong 
馬英九,마잉주,Ma Ying-jeou
澳門,마카오,Macao
幕僚,막료,a staff member
會晤,만나다,meet
基層,말단,grassroots
馬來西亞,말레이시아,Malaysia
對岸,맞은편,the opposite side
盟邦,맹방,allies
苗栗,먀오리,Miaoli
訊息,메시지,information
美麗島,메이리다오,the Formosa
機制,메커니즘,Mechanisms
會面,면회,meet
名義,명목,nominal
莫斯科,모스크바,Moscow
母艦,모함,mother ship
目的,목적,Objectives
目標,목표,Goals
武器,무기,Weapons
舞台,무대,stage
武力,무력,force of arms
武統,무력통일,forced reunification
武裝,무장,armed
文明,문명,civilization
文物,문물,cultural artifact
問題,문제,Question(s)
文化,문화,Culture
物價,물가,Prices
物流,물류,Logistics
物資,물자,material goods
美台,미-대,US-Taiwan
美國,미국,United States
美國國務院,미국 국무부,U.S. State Department
美國商務部,미국 상무부,U.S. Department of Commerce
美國聯邦眾議院,미국 연방 하원,U.S. House of Representatives
美國國會,미국 의회,U.S. Congress
美國眾議院,미국 하원,U.S. House of Representatives
美國海軍,미국 해군,United States Navy
美歐,미국과 유럽,United States and Europe
美軍,미군,U.S. military
雙城,미네소타 트윈스,Minnesota Twins
美中,미중,US-China
美中台,미중대,U.S.-China-Taiwan
民間,민간,the private sector
民生,민생,people's livelihood
民意,민의,public opinion
民主,민주,Democracy 
民主自由,민주자유,democratic freedom
民眾,민중,people
民眾黨,민중당,Taiwan People's Party
民進黨,민진당,Democratic Progressive Party (DPP)
密集,밀집하다.,dense
海洋,바다,Oceans
病毒,바이러스,Virus
博士,박사,PhD
半導體,반도체,semiconductor
訪團,방문단,visiting delegation
無法,방법이 없다,There is no way.
方案,방안,measures
防衛省,방위성,Ministry of Defence
方針,방침,policy
專屬,배타적,exclusive
電池,배터리,Battery
白皮書,백서,White paper
疫苗,백신,Vaccines
白宮,백악관,White House
白紙,백지,white paper
範圍,범위,scope
法律,법률,Law
法案,법안,Bill
院議,법원 회의,court discussions
法人,법인,corporation
法治,법치,Rule of law
北京,베이징,Beijing
越南,베트남,Vietnam
變數,변수,variable
轉型,변혁,transformation
兵力,병력,military strength
病例,병례,medical case
兵役,병역,Military service
醫院,병원,Hospitals
補貼,보조금,Subsidies
福祉,복지,welfare
總部,본부,Headquarters
本土,본토,mainland
封鎖,봉쇄하다,block
財富,부,Wealth
部隊,부대,Troops
負面,부정적,negative
組件,부품,Components
北約,북대서양조약기구,North Atlantic Treaty Organization (NATO)
北韓,북한,Democratic People's Republic of Korea
紅線,붉은 실,red thread
布林肯,블링컨,Blinken
費用,비용,Cost
比重,비중,proportion
飛機,비행기,airplane
大數據,빅데이터,Big data
大廈,빌딩,building
債,빚,debt
案件,사건,Cases
社交,사교,socializing
消失,사라지다.,disappear
司令,사령관,Commander-in-chief
司令部,사령부,headquarters
案例,사례,Case study
事務,사무,affairs
秘書長,사무총장,Secretary-General
司法,사법,judiciary
士兵,사병,Soldier
思想,사상,thought
事業,사업,business
知情,사정을 알다,be aware of
社會,사회,Society (disambiguation)
產業鏈,산업 체인,industrial chain
旗下,산하,subsidiary
三星,삼성,Samsung
商,상,commercial
對方,상대방,opponent
漲幅,상승폭,increase amount
商業,상업,Commercial activities
商機,상업 기회,business opportunity
上市,상장,listed (stock)
商品,상품,Commodities
上海,상하이,Shanghai
新局,새로운 정세,new situation
思維,생각,thought
生物,생물,living things
產量,생산량,Production capacity
廠商,생산자,Manufacturers
生態,생태,Ecological
夏立言,샤리옌,Andrew Hsia
廈門,샤먼,Xiamen
平民,서민,Civilian
西方,서방,the West
伺服器,서버,Server
西太平洋,서태평양,Western Pacific Ocean
石油,석유,Oil (disambiguation)
底線,선,limit
選情,선거 상황,election sentiment
選區,선거구,electoral district
宣言,선언,Declaration
宣告,선언하다,declare
深圳,선전시,Shenzhen City
島國,섬나라,Island countries
聲量,성량,volume
成長率,성장률,growth rate
成長,성장하다.,grow
成績,성적,score
世界,세계,world
環球,세계 각지,worldwide
全球化,세계화,Globalization
海關,세관,Customs
稅,세금,tax
強勢,세다,strong
勢力,세력,power
細節,세부 사항,Details
蘇聯,소련,Soviet Union
消費者,소비자,consumers
小三通,소삼통,small three-way connection
溝通,소통,Communication
軟體,소프트웨어,Software
速度,속도,speed
損失,손실,Losses
索羅門群島,솔로몬 제도,Solomon Islands
蕭茲,숄츠,Scholz
手段,수단,means
首席,수석,chief
水域,수역,water area
收益,수익,Earnings
修正,수정,amend
水準,수준,standard
水平,수평,horizontal
瑞典,스웨덴,Sweden
市值,시가총액,market capitalization
市民,시민,citizen
設施,시설,Facilities
行情,시세,market price
示威,시위,Demonstrations
市議員,시의원,city councilor
習近平,시진핑,Xi Jinping
市府,시청,city hall
糧食,식량,Food
食品,식품,Foodstuffs
新冷戰,신냉전,New Cold War
信任,신뢰,trust
新北市,신베이 시,New Taipei City
身分,신분,identity
新任,신임,newly-appointed
新疆,신장,Xinjiang
信號,신호,signal
實力,실력,capibility
實彈,실탄,live ammunition
心理,심리,psychological
心態,심리 상태,mentality
新加坡,싱가포르,Singapore
智庫,싱크탱크,think tank
戰,싸우다,fight
蘇貞昌,쑤전창,Su Tseng-chang
阿拉伯,아랍,Arab States
安倍,아베,Abe (disambiguation)
安倍晉三,아베 신조,Prime Minister Shinzo Abe
亞洲,아시아,Asia
亞太,아시아-퍼시픽,Asia-Pacific region
亞太地區,아시아-퍼시픽 지역,Asia-Pacific region
孩子,아이,Child
阿富汗,아프가니스탄,Afghanistan
非洲,아프리카,Africa
安保,안보,Security
壓力,압력,pressure
前途,앞길,future
愛國,애국하다,patriotism
朝野,야당과 여당,ruling and opposition parties
野心,야심,ambition
藥,약,medicine
條款,약관,Terms and Conditions
藥物,약물,Drugs
兩國,양국,two countries
兩岸,양안,Cross-Strait
楊潔篪,양제츠,Yang Jiechi
言論,언론,speech
語言,언어,Language
嚴正,엄정하다,strict
業界,업계,industry
業者,업자,businessman
業績,업적,Performance
馬克宏,에마뉘엘 마크롱,Emmanuel Macron
引擎,엔진,Engine (engine)
執政黨,여당,ruling party
輿論,여론,public opinion
民調,여론조사,public opinion poll
行程,여정,itinerary
旅客,여행객,Travellers
歷史,역사,History
角色,역할,Character (characters)
研究所,연구소,Research institutes
研究院,연구원,Research Institute
燃料,연료,fuel
聯盟,연맹,Federation
聯準會,연준회,Federal Reserve
聯合軍,연합군,Allied Forces
熱議,열론,hotly debated
領空,영공,airspace
英國,영국,United Kingdom
視訊,영상통화,video call
營收,영업 수입,Revenue
領土,영토,Territories
領海,영해,territorial waters
預料,예상하다,anticipate
藝術,예술,Artistic
澳洲,오스트레일리아,Australia
選項,옵션,Options
王美花,왕메이화,Wang Mei-hua
王必勝,왕비성,Wang Pi-sheng
汪文斌,왕원빈,Wang Wen-bin
王毅,왕이,Wang Yi
王鴻薇,왕훙웨이,Wang Hong-wei 
外交,외교,Foreign relations
外委會,외교 및 국방위원회,Foreign Affairs Committee
外交政策,외교 정책,Foreign policy
外交官,외교관,diplomat
外交部,외교부,Ministry of Foreign Affairs
外國,외국,Foreign countries
外媒,외국매체,Foreign media
外匯,외국환,Foreign exchange
外界,외부,the outside world
外資,외화자금,Foreign investment
不容,용납하지 않다,not acceptable
石斑魚,우럭,grouper
優勢,우세,advantage
吳釗燮,우자오셰,Wu Jau-shieh
友誼,우정,Friendship
太空,우주,space
烏茲別克,우즈베키스탄,Uzbekistan
烏克蘭,우크라이나,Ukraine
命運,운명,Fate
營運,운영,Operations
華盛頓,워싱턴,"Washington, D.C."
華府,워싱턴 D.C.,"Washington, D.C."
成本,원가,Cost
原料,원료,raw material
原油,원유,crude oil
原則,원칙,Principles
晶圓,웨이퍼,Wafer
魏鳳,웨이펑허,Wei Feng-he
危機,위기,crisis
衛福部,위생복지부,Ministry of Health and Welfare
衛星,위성,satellites
威權,위세,authority
委員,위원,committee member
定位,위치추정,positioning
代工,위탁생산자,original equipment manufacturing
風險,위험,Risks
選民,유권자,electorate
歐洲,유럽,Europe
歐美,유럽과 미국,Europe and the United States
歐元,유로,Euro
聯合國,유엔,United Nations
聯合國大會,유엔 총회,United Nations General Assembly
陸軍,육군,Army (United States)
陸方,육방,land side
尹錫悅,윤석열,Yoon Suk Yeol
銀行,은행,Bank
意見,의견,Views
分歧,의견차이,divergence of opinion
醫療,의료,Medical
義務,의무,Obligations
議程,의사일정,Agenda
議員,의원,Member of Parliament
意志,의지,will
意願,의향,Willingness
議會,의회,Parliament
理念,이념,philosophy
伊朗,이란,Iran
理論,이론,Theories
形象,이미지,impression
移民,이민,Immigration
理想,이상,ideal
理性,이성,rationality
議題,이슈,issue
以色列,이스라엘,Israel
利用,이용,make use of
鄰國,이웃 나라,Neighbouring countries
利益,이익,Interests
利率,이자율,Interest rate
義大利,이탈리,Italy
明白,이해,understand
人口,인구,Population
人權,인권,Human rights
印度,인도,India
印太,인도-퍼시픽,Indo-Pacific region
印尼,인도네시아,Indonesia
人力,인력,manpower
印象,인상,impression
人才,인재,talent
英特爾,인텔,Intel
馬斯克,일론 머스크,Elon Musk 
日本,일본,Japan
日本首相,일본총리,Prime Minister of Japan
任期,임기,Term of office
任命,임명하다,Appointments
選人,임원선거,elect
入境,입국,Entry into the country
立場,입장,Position
資格,자격,Qualifications
資金,자금,Funding
汽車,자동차,Motor vehicles
資本,자본,Capital (economics)
資產,자산,Assets
信心,자신감,confidence
趙立堅,자오리젠,Zhao Li-jian
資源,자원,Resources
自衛隊,자위대,Self-Defense Forces
嘉義縣,자이현,Chiayi County
姿態,자태,posture
作品,작품,Works
錯誤,잘못,Mistake
潛艦,잠수함,Submarine
潛力,잠재력,potential
大臣,장관,Minister
長期,장기,long-term
裝備,장비,Equipment
張善政,장산정,Chang San-cheng
障礙,장애,Obstacles
蔣萬安,장완안,Chiang Wan-an
張忠謀,장종모,Morris Chang
蔣經國,장징궈,Chiang Ching-kuo
江澤民,장쩌민,Jiang Zemin
庫存,재고,Stockpile
葉倫,재닛 옐런,Janet Yellen
財務,재무,Finance
財政部,재무부,Ministry of Finance
財,재물,wealth
新能源,재생에너지,New Energy
財政,재정,Finance
周玉蔻,저우위커우,Chou Yu-kou
敵人,적,enemy
全民,전 국민,the whole nation
專業,전공,Profession
全國,전국,nationwide
電動車,전동차,Electric vehicle
前景,전망,Prospects
專家,전문가,Experts
全世界,전세계,worldwide
戰術,전술,tactics
專機,전용기,a private plane
電子,전자,Electronics
戰備,전쟁 준비,preparation for war
戰區,전쟁구역,war zone
戰場,전쟁터,Battlefield
專制,전제,despotic
傳統,전통,Tradition
戰機,전투기,warplane
電話,전화,Telephone
程序,절차,Procedure (disambiguation)
政經,정경,politics and economics
政權,정권,governmental force
政黨,정당,Political parties
黨團,정당 단체,political party
整理,정리,arrange
鄭寶清,정바오칭,Cheng Pao-ching
資安,정보 안전,information safety
政府,정부,Government
公報,정부공고,official report
峰會,정상 회담,summit
高峰會,정상회담,summit
情緒,정서,emotion
形勢,정세,state of affairs
精神,정신,spirit
鄭文燦,정원찬,Cheng Wen-tsan
鄭運鵬,정윈펑,Cheng Yun-peng
政策,정책,Policies
政治,정치,Politics
政治局,정치국,Politburo
政客,정치인,Politicians
精準,정확하다,precise
倡議,제의,proposal
制裁,제재,Sanctions
產品,제품,Products
澤倫斯基,젤렌스키,Zelensky
條件,조건,condition
祖國,조국,one's country
條約,조약,Treaties
建議,조언,Recommendations
畢業,졸업,graduate
股價,주가,stock price
主權,주권,sovereignty
主導,주도하다,take the lead
朱立倫,주리룬,Chu Li-lun
居民,주민,inhabitants
主席,주석,President
股票,주식,Stocks
股市,주식 시장,Stock market
主因,주원인,main cause
主委,주임 위원,chairperson
聲稱,주장하다,claim
股權,주주권,shareholders' rights
主軸,주축,the main axis
朱鳳蓮,주퐁롄,Zhu Feng-lian
準則,준칙,Guidelines
中國,중국,People's Republic of China
中國共產黨,중국 공산당,Communist Party of China
國台辦,중국 대만사무소,National Taiwan Affairs Office
中共中央,중국공산당 중앙위원회,Central Committee of the Communist Party of China
中國大陸,중국대륙,Mainland China
中東,중동,Middle East
中俄,중러,China-Russia
中美,중미,China-US
中歐,중부 유럽,Central Europe
中央,중앙,Central
中線,중앙선,Midline
中亞,중앙아시아,Central Asia
重要性,중요성,Importance
中原,중원,Central Plains (disambiguation)
中華,중화,Chinese nationality
中華民國,중화민국,Republic of China
證據,증거,Evidence
證券,증권,Securities
過度,지나치다,overtly
地帶,지대,region
領導人,지도자,Leader
指導,지도하다,guide
基隆市,지룽 시,Keelung City
地緣,지연,geopolitics
地位,지위,Status
支持者,지지자,supporters
智慧,지혜,wisdom
職務,직무,Duties
直言,직설,direct speech
員工,직원,Staffs
面會,직접 만나다,meet
金門縣,진먼현,Kinmen County
聲明,진술,Declaration
陣營,진영,camp
進程,진행 과정,Process
疾病,질병,Illness
秩序,질서,order
施政,집정,Governance
執政,집정하다,govern
曹興誠,차오싱청,Tsao Xing-cheng
差距,차이,gap
中概股,차이나 컨셉 주식,China Concept Stocks
蔡英文,차이잉원,Tsai Ing-wen
蔡其昌,차이치창,Tsai Chi-chang
參議員,참의원,U.S. Senators
創業,창업하다,start a business
債券,채권,Bond
債務,채무,debt
責任,책임,Responsibility
負責任,책임을 지다,take responsibility
負責人,책임자,Person in charge
首度,처음,first time
處境,처지,situation
陳明通,천밍퉁,Chen Ming-tong
陳吉仲,천지중,Chen Chi-chung
陳其邁,천치마이,Chen Chi-mai
天下,천하,the whole world
鐵路,철도,Railways
體系,체계,system
體制,체제,system
捷克,체코,Czech Republic
草案,초안,Draft
焦點,초점,focus
槍,총,gun
總理,총리,Prime Minister 
總書記,총서기,General Secretary
總裁,총재,director-general
總體,총체적,Overall
總統府,총통부,Presidential Palace
攝影,촬영,Photography
邱臣遠,추천위안,Qiu Chen-yuan
來源,출처,Source of information
上台,취임,inauguration
層級,층계,hierarchical
秦剛,친강,Qin Gang
晶片,칩,chip
賀錦麗,카말라 해리스,Kamala Harris
哈薩克,카자흐스탄,Kazakhstan
柬埔寨,캄보디아,Cambodia
加拿大,캐나다,Canada
戴琪,캐서린 타이,Katherine Tai
柯文哲,커원저,Ko Wen-je
顧問,컨설턴트,Consultants
電腦,컴퓨터,Computer
冠狀,코로나,corona
新冠,코로나19,New coronavirus
高通,퀄컴,Qualcomm
基輔,키예프,kiev
桃園市,타오위안시,Taoyuan City
台南市,타이난 시,Tainan City
台北市,타이베이시,Taipei City
台中市,타이중시,Taichung City
彈道,탄도,Ballistic trajectory
碳,탄소,Carbon
泰國,태국,Thailand
態度,태도,attitude
太陽,태양,Sun
太平洋,태평양,Pacific Ocean
土耳其,터키,Turkey
辯論,토론,Debate
通報,통보하다,notice
通訊,통신,Telecommunication
通話,통화,talk on the phone
投票,투표,vote
選票,투표용지,Ballot papers
川普,트럼프,Trump
特色,특색,characteristic
專利,특허,Patents
框架,틀,Frameworks
錯,틀리다.,wrong
派系,파벌,faction
巴基斯坦,파키스탄,Pakistan
版圖,판도,map
牌,패,card
霸權,패권,Hegemony
疫情,팬데믹,pandemic
基本面,펀더멘털,fundamental
基金,펀드,Fund
澎湖,펑후,Penghu
馬可仕,페르디난드 마르코스,Ferdinand Marcos
裴洛西,펠로시,Pelosi
評論,평가,Comment
常態,평소의 상태,normal status
和平,평화,peace
肺炎,폐렴,Pneumonia
幅度,폭,width
暴力,폭력,Violence
曝光,폭로하다,expose
鴻海,폭스콘,Foxconn
風暴,폭풍,Storm
波蘭,폴란드,Poland
票,표,ticket
標準,표준,Standards
福建,푸젠 성,Fujian Province
普丁,푸틴,Putin
品質,품질,quality
法國,프랑스,France
專案,프로젝트,project
菲律賓,필리핀,Philippiness
藉口,핑계,excuse
一中,하나의 중국,One-China policy
海空,하늘과 바다,air and sea
跌幅,하락폭,plunge
眾院,하원,House of Representatives
高科技,하이테크,High-tech
學院,학과,department
學校,학교,School
學生,학생,Students
學術,학술,academic
學會,학회,academic association
韓國,한국,Korea
共同富裕,함께 부유하다.,common prosperity
艦隊,함대,Fleet
陷阱,함정,trap
合法,합법적이다,legitimate
航空,항공,Air transportation
航母,항공모함,aircraft carrier
航班,항공편,Flights
港口,항구,harbours
航線,항로,air route
抗議,항의,protest
抗中,항중,Resistance to China
抗中保台,항중보대,Resist China Protect Taiwan
航行,항해,sail
海軍,해군,Navy
危害,해를 끼치다,harm
海上,해상,at sea
海岸,해안,coast
海域,해역,sea area
海外,해외,overseas
海峽,해협,Straits
海基,해협교류기금회,Straits Exchange Foundation
海峽中線,해협중앙선,Strait Midline
核酸,핵산,nucleic acid
核心,핵심,core
行徑,행동,behavior
行為,행위,behavior
行政,행정,Administration
行政部,행정부,Department of Administration
行政院,행정원,Executive Yuan
坦言,허심탄회하다,confess
侯友宜,허우유이,Hou You-yi
憲法,헌법,Constitution
季辛吉,헨리 키신저,Henry Kissinger
現狀,현상,phenomenon
現實,현실,Reality
現任,현직,incumbent
現況,현황,Current status
協商,협상,consultation
籌碼,협상 카드,bargaining chip
公約,협약,Conventions
協議,협의,agreement
協會,협회,Association
形式,형식,form
形態,형태,form
互利,호혜,mutually beneficial
香港,홍콩,Hong Kong
火力,화력,firepower
花蓮縣,화롄현,Hualien County
貨物,화물,goods
貨幣,화폐,Currency
機率,확률,probability
環境,환경,Environment
匯率,환율,Exchange rate
黃金,황금,Gold
黃珊珊,황산산,Huang San-san
成員國,회원국,Member States
會議,회의,Meeting
會長,회장,President
效應,효과,effect
效益,효과와 이익,benefit
生效,효력 발생,Entry into force
政見,후보 정책,policy stances
胡錦濤,후진타오,President Hu Jintao
手機,휴대전화,Cell phones
人道,휴머니즘,humanity
願景,희망,vision
大力,힘껏,vigorously
有力,힘차다,powerful
防部,국방부,ministry of defence
武,무력,force
市政府,시청,city hall
藥品,약품,medicine
小孩,어린이,children
兒童,어린이,children
石斑,우럭,grouper
烏國,우크라이나,ukraine
文攻武嚇,문공무혁,literary attack and force threats
醫,의,medical
富士康,폭스콘,Foxconn
教學,가르치다,teaching
高虹安,가오훙안,kao hung-an
家族,가족,family
家屬,가족대표자,family head
染疫,감염되다,be infected
感染者,감염자,infected person
檢方,검찰측,prosecution
警覺,경각하다,be on one's guard
經濟部,경제부,ministry of economy
輕症,경증,mild illness
公園,공원,park
公職,공직,public office
水果,과일,fruit
廣州,광저우,guangzhou
課程,교과 과정,courses
教育部,교육부,ministry of education
國安局,국가안보국,national security bureau
國安法,국가안전수호법,the hong kong national security law
國防委員會,국방위원회,national defense committee
國產,국산,domestic production
國籍,국적,nationality
極權,극권,totalitarian government
金管會,금융감독관리회,financial supervisory commission
工人,노동자,workers
老人,노인,elderly
農民,농민,farmers
中獎,당첨,win a prize
代理,대리,act on behalf of
台灣國,대만국,republic of taiwan
來台,대만에 오다,come to taiwan
反艦,대함,anti-ship
市政,도시정책,municipal policies
豬,돼지,pig
遼寧,랴오닝 성,liaoning province
俄軍,러시아군,russian military
呂伊,루이츠,ruitz
羅一鈞,뤄이쥔,lo yi-chun
羅致政,뤄즈정,lo chih-cheng
林穎孟,린잉멍,lin ying-meng
林俊憲,린쥔셴,lin chun-hsien
林靜儀,린징이,lin ching-yi
林昶佐,린창쭤,lim tshiong-tso
鄉親,마을 사람,villager
龐皮歐,마이크 폼페오,michael pompeo
馬祖,마주,matsu
媒報,매체 보도,media coverage
莫德納,모더나,moderna vaccine
蒙古,몽골,mongolia
無症,무증상,asymptomatic
武肺,무한폐렴,wuhan virus
藝文,문예,arts and literature
貨量,물량,volume of goods
波及,미치다,affect
民防,민방위,civil defence
民心,민심,public sentiment
民怨,민원,popular discontent
民主化,민주화,democratization
法院,법원,courts of justice
北京市,베이징시,beijing city
變種,변이,variant
律師,변호사,lawyer
病,병,disease
染病,병에 걸리다,infected
義務役,병역의무,compulsory service
衛生局,보건국,public health bureau
保險,보험,insurance
紅色,붉은색,red
秘密,비밀,secret
秘書,비서,secretary
大樓,빌딩,building
死亡率,사망률,mortality rate
山東,산둥,shandong province
產經,산업경제,industrial economy
上海市,상하이 시,shanghai city
產值,생산액,output value
蕭美琴,샤오메이친,bi-khim hsiao
船舶,선박,ship
謝志偉,셰즈웨이,hsieh chih-wei
友邦,수교국,country with diplomatic relations
手法,수법,trick
外銷,수출,export
瑞士,스위스,switzerland
全市,시 전체,the whole city
時代力量,시대역량,new power party
西安,시안,xi-an
試劑,시약,reagent
食藥,식약,food and medicine
上路,실행되다,put in action
實驗室,실험실,laboratory
四川,쓰촨,sichuan province
兒子,아들,son
陽性,양성,positive
漁民,어민,fishermen
漁船,어선,fishing boat
旅館,여관,hotel accommodation
專題,연구 프로젝트,research project
聯絡,연락하다,contact
藝人,연예인,entertainer
營業,영업,business operations
王定宇,왕딩위,wang ting-yu
高喊,외치다,shout
烏俄,우-러,ukrainian-russian
烏軍,우크라이나 군대,ukrainian army
信箱,우편함,mailbox
武漢,우한,wuhan
雲林縣,윈린현,yunlin county
幼兒,유아,young children
流感,유행성 감기,influenza 
陰性,음성,negative result
食物,음식,food
醫師,의사,doctors
醫學,의학,medical science
宜蘭縣,이란 현,ilan county
立院,입법원,the legislative yuan
院會,입법원회의,the legislative yuan meeting
自民黨,자민당,liberal democratic party (ldp)
官兵,장교와 사병,officers and soldiers
莊人祥,장런샹,chuang jen-hsiang
江安,장안 현,jiang-an province
蔣介石,장제스,chiang kai-shek
江聰淵,장총위안,chiang tsung-yuan
財產,재산,property
財經,재정과 경제,finance and economy
居家,재택,stay-at-home
全台,전 대만,the whole taiwan
全校,전교,the whole school
鄭州,정저우,zhengzhou 
條例,조례,rules
宗教,종교,religion
罪,죄,crime
股東,주주,shareholder
住宅,주택,housing
排隊,줄을 서다.,line up
中資,중국 자본,chinese capital
中國海軍,중국 해군,chinese navy
中國軍,중국군대,chinese military
中山,중산,chung shan
中央政府,중앙 정부,central government
重症,중증,severe illness
症狀,증상,symptoms
仇恨,증오하다,hate
指揮官,지휘관,commander
職業,직업,occupation
金馬,진먼-마주,kinmen-matsu
金山,진산,jinshan
浙江,쩌장,zhejiang province
錄用,채용하다,hire
成都,청두,chengdu province
前線,최전선,frontline
邱國正,추궈정,chiu kuo-cheng
邱志偉,추즈웨이,chiu chih-wei
邱垂正,추추이정,chiu chui-cheng
邱太三,추타이산,chiu tai-shan
重慶,충칭,chongqing city
校園,캠퍼스,campus
柯建銘,커젠밍,ko chien-ming
柯志恩,커즈언,ko chih-en
貨櫃,컨테이너,container
昆山,쿤산,kunshan
台北,타이베이,taipei
天津,톈진시,tianjin city
西藏,티베트,tibet
鳳梨,파인애플,pineapple
檔案,파일,files
方艙,팡창병원,mobile cabin hospital
面板,패널,panel
站台,편을 들어주다,stand up for
爆料,폭로하다,expose
普廷,푸틴,putin
屏東縣,핑둥현,pingtung county
眾議員,하원 의원,Representative
韓國瑜,한궈위,han kuo-yu
航艦,항함,airship
特首,행정장관,chief executive
核准,허가하다,approve
河南,허난 성,henan province
縣府,현청,prefectural government
洪秀柱,홍슈주,hung hsiu-chu
患者,환자,patient
候選人,후보자,candidates
福島,후쿠시마,fukushima
街道,거리,street
街頭,거리,street
國門,국경,borders
國葬,국장,state funeral
群體,단체,groups
李德,리더,Li Te
院所,병원,hospitals
離島,섬,Outlying Islands
長者,어르신,elderly
老年人,어르신,elderly
遊客,여행객,tourists
醫生,의사,doctors
流程,절차,process
病人,환자,patient
聯電,UMC,United Microelectronics
感染率,감염률,Infection rate
強度,강도,intensity
狗,개,dog
開票,개표,vote counting
合約,계약,contract
客運,고속버스,express bus
空氣,공기,air
廠區,공장부지,factory premises
人群,군중,crowd
郭台銘,궈타이밍,Terry Gou
掌權,권력을 잡다,come to power
回家,귀가,go back home
群組,그룹,group
機器,기계,Machine
心情,기분,mood
黑道,깡패,gangster
雙標,내로남불,double standard
內政部,내정부,Ministry of the Interior
普萊斯,네드 프라이스,Ned Price
全黨,당 전체,the whole party
陸媒,대륙매체,China's media
道理,도리,reason
小區,동네,community
同仁,동료,colleagues
得票率,득표율,approval rate
丁薛祥,딩쉐샹,Ding Xue-xiang
連江縣,롄장현,Lianjiang County
蘇納克,리시 수낵,Rishi Sunak
林伯豐,린보펑,Lin Bo-feng
林飛帆,린페이판,Lin Fei-fan
凌濤,링타오,Ling Tao
慢性病,만성질환,chronic disease
病毒感染,바이러스에 감염되다,viral infection
房價,방값,housing prices
百姓,백성,civilians
兵團,병단,army corps
病房,병실,hospital room
役男,병역의무자,miliatry mandatory men
醫療量能,병원 커패시티,hospital's capacity
衛生組織,보건 기구,WHO
保護力,보호력,protection
福利,복지,Welfare
薪資,봉급,salary
不法,불법,illegal
死因,사망원인,causes of death
社會面,사회면,social area
山西,산시 성,Shanxi Province
獎金,상금,prize
商務,상업적 업무,Commercial activities
米歇爾,샤를 미셸,Charles Michel
碩士,석사,master
造勢,선거캠페인,campaign rally
領先,선두에 서다,take the lead
世衛,세계보건기구,World Health Organization
購物,쇼핑,Shopping
水產品,수산물,aquatic products
薛瑞元,쉐루이위안,Hsueh Jui-yuan
徐定禎,쉬딩전,Hsu Ting-chen
徐巧芯,쉬차오신,Hsu Chiao-hsin
滑雪,스키를 타다.,Skiing
遺體,시체,remains
矽谷,실리콘밸리,Silicon Valley
重度,심각한,severe
悼念,애도하다,pay one's respects
側翼,양측 날개,lateral wing
女王,여왕,queen
熱情,열정적,enthusiastic
榮譽,영광,honor
漲,오르다,rise
霸凌,왕따 시키다,bully
王滬寧,왕후닝,Wang Hu-ning
烏魯木齊,우루무치,Urumqi Municipality
吳思瑤,우스야오,Wu Szu-yao
航點,운항 노선,destination
猴痘,원숭이두창,monkeypox
衛健委,위생건강위원회,National Health Commission
風險區,위험지역,risk zone
基因,유전자,Gene
陸生,육생,terrestrial
乙管,을관,second tube
醫護人員,의료요원,Medical staff
席次,의석,seats
交代,인계,take over
人生,인생,life
人潮,인파,a crowd of people
入境者,입국자,overseas arrivals
住院,입원,hospitalization
趙春山,자오춘산,Chao Chun Shan
蔣孝嚴,장샤오옌,Chiang Hsiao-yen
場所,장소,place
全程,전 과정,the whole process
接種率,접종률,vaccination rate
政績,정치 업적,political achievement
政壇,정치계,political areas
澤連斯基,젤렌스키,Zelensky
小心,조심하다,be careful
中國國家衛健委,중국 국가 위생건강위원회,China's National Health Commission
中國國家衛生,중국 국가위생,Health in China
中國民眾,중국민중,Chinese citizens
中國會,중국회,Chinese Association of China
地震,지진,earthquake
地下,지하,underground
地鐵,지하철,Subway
家園,집,home
曾銘宗,쩡밍종,Tseng Ming-chung
車輛,차량,vehicles
落地,착지,landing
陳玉珍,천위전,Chen Yu-jen
體驗,체험,experience
補件,추가서류 제출,provide additional documents
丘以思,추이스유한회사,Choice Pharma
出境,출국,departure from a country
慈濟,츠지,Tzu Chi
親友,친척과 친구,relatives and friends
好友,친한 친구,a close friend
唾液,침,saliva
海線,코스털 노선,coastal line
場邊,코트사이드,courtside
台東,타이둥시,Taitung city
塔吉克,타지크,Republic of Tajikistan
彈性,탄성,flexibility
團團,투안투안 판다,Tuan-tuan panda
天安,티엔안,Tian-an
涵蓋率,포함률,coverage rate
血,피,blood
受害者,피해자,Victims
海珠,하이주,Haizhu
學位,학위,degree
限度,한도,limit
機票,항공권,Air tickets
航空器,항공기,aircraft
航空公司,항공사,Airlines (disambiguation)
海鮮,해산물,Seafood
核子,핵,nucleon
核能,핵에너지,Nuclear power
會場,행사장,venue
現金,현금,cash
火化,화장하다,cremation
胡春華,후춘화,Hu Chun-hua
印太地區,인도태평양 지역,Indo-Pacific region
義大利,이탈리아,Italy
大事,대사,significant event
早報,조간신문,morning paper
神山,TSMC (신산),TSMC (the Holy Mountain)
東協,ASEAN,ASEAN
用戶,이용자,user
動向,동향,trend
群島,군도,archipelago
憲章,헌장,Charter
例子,예시,example
吸引力,흡입력,pulling power
事項,사항,item
宏觀,거시적,Macro-perspective
曼谷,방콕,Bangkok
聯合,연합,united
北美,북미,North America
戰火,전쟁의 불씨,flames of war
身份,신분,status
降溫,식히다,cool down
課題,과제,assignment
敵意,적의,hostility
灰色,회색,gray
南華,난화,Nanhua (대학인지 경서인지 확실하지 않음)
軍援,군사지원,military support
文攻武嚇,문공무혁,Literary attack and force threats
協力,협력,cooperation
獨裁者,독재자,Dictator
彈藥,탄약,ammunition
廣場,광장,plaza
全數,전수,whole amount
條文,조문,provision
江蘇,장쑤성,Jiangsu Province
次長,차장,associate director
言行,언행,words and behavior
醫療量,의료량,amount of medical care
文旦,포멜로,Pomello
中正,장개석,Chiang Kai-shek
澤連斯基,젤렌스키,Zelensky
藥局,약국,pharmacy
殯儀館,장례식장,funeral parlor
變局,변화,changed situation
電信,통신,telecommunication
時段,시간대,time period
營業額,매출액,sales revenue
美商,미국 기업,American company
呼吸衰竭,호흡곤란,respiratory failure
接班人,후계자,successor
酚,페놀,Phenol
純益,순이익,net profit
利空,약세,bearish
性別,성별,sex
服役,복역,serve in military
動能,운동에너지,kinetic energy